timeStamp,elapsed,label,responseCode,success,URL
1492154892637,198,HTTP Request,200,true,http://blazedemo.com/
1492154892839,68,HTTP Request,200,true,http://blazedemo.com/
1492154892908,68,HTTP Request,200,true,http://blazedemo.com/
1492154892977,67,HTTP Request,200,true,http://blazedemo.com/
1492154893045,67,HTTP Request,200,true,http://blazedemo.com/
1492154893113,69,HTTP Request,200,true,http://blazedemo.com/
1492154893183,68,HTTP Request,200,true,http://blazedemo.com/
1492154893252,69,HTTP Request,200,true,http://blazedemo.com/
1492154893323,67,HTTP Request,200,true,http://blazedemo.com/
1492154893391,69,HTTP Request,200,true,http://blazedemo.com/
